<TICKER>;<PER>;<DATE>;<TIME>;<CLOSE>
CA;D;20201122;000000;7243.3118650
CA;D;20201123;000000;7206.9354700
CA;D;20201124;000000;7291.8137250
CA;D;20201125;000000;7300.6322450
CA;D;20201126;000000;7381.1012400
CA;D;20201127;000000;7505.6628350
CA;D;20201129;000000;7557.4716400
CA;D;20201130;000000;7616.9966500
CA;D;20201201;000000;7699.6702750
CA;D;20201202;000000;7689.7494400
CA;D;20201203;000000;7674.3170300
CA;D;20201204;000000;7774.6276950
CA;D;20201206;000000;7777.9346400
CA;D;20201207;000000;7727.2281500
CA;D;20201208;000000;7715.1026850
CA;D;20201209;000000;7707.3864800
CA;D;20201210;000000;7901.3939200
CA;D;20201211;000000;7790.0601050
CA;D;20201213;000000;7807.6971450
CA;D;20201214;000000;7753.6837100
CA;D;20201215;000000;7802.1855700
CA;D;20201216;000000;7858.4036350
CA;D;20201217;000000;7943.2818900
CA;D;20201218;000000;8023.7508850
CA;D;20201220;000000;8001.7045850
CA;D;20201221;000000;7901.3939200
CA;D;20201222;000000;7768.0138050
CA;D;20201223;000000;7819.8226100
CA;D;20201224;000000;7873.8360450
CA;D;20201227;000000;7880.4499350
CA;D;20201228;000000;7892.5754000
CA;D;20201229;000000;7830.8457600
CA;D;20201230;000000;7824.2318700
CA;D;20201231;000000;7755.8883400
CA;D;20210103;000000;7793.3670500
CA;D;20210104;000000;7857.3013200
CA;D;20210105;000000;8043.5925550
CA;D;20210106;000000;8074.4573750
CA;D;20210107;000000;8172.5634100
CA;D;20210108;000000;8142.8009050
CA;D;20210110;000000;8082.1735800
CA;D;20210111;000000;7866.1198400
CA;D;20210112;000000;8021.5462550
CA;D;20210113;000000;7977.4536550
CA;D;20210114;000000;8090.9921000
CA;D;20210115;000000;7936.6680000
CA;D;20210117;000000;7881.5522500
CA;D;20210118;000000;7973.0443950
CA;D;20210119;000000;8008.3184750
CA;D;20210120;000000;8038.0809800
CA;D;20210121;000000;8040.2856100
CA;D;20210122;000000;7975.2490250
CA;D;20210124;000000;7991.7837500
CA;D;20210125;000000;8010.5231050
CA;D;20210126;000000;7984.0675450
CA;D;20210127;000000;7793.3670500
CA;D;20210128;000000;7874.9383600
CA;D;20210129;000000;7808.7994600
CA;D;20210131;000000;7798.8786250
CA;D;20210201;000000;7842.9712250
CA;D;20210202;000000;7781.2415850
CA;D;20210203;000000;7876.0406750
CA;D;20210204;000000;7848.4828000
CA;D;20210205;000000;8024.8532000
CA;D;20210207;000000;8024.8532000
CA;D;20210208;000000;8107.5268250
CA;D;20210209;000000;8195.7120250
CA;D;20210210;000000;8304.8412100
CA;D;20210211;000000;8334.6037150
CA;D;20210212;000000;8375.3893700
CA;D;20210214;000000;8378.6963150
CA;D;20210215;000000;8424.9935450
CA;D;20210216;000000;8440.4259550
CA;D;20210217;000000;8429.4028050
CA;D;20210218;000000;8606.8755200
CA;D;20210219;000000;8966.2302100
CA;D;20210221;000000;9046.6992050
CA;D;20210222;000000;9121.6566250
CA;D;20210223;000000;9251.7297950
CA;D;20210224;000000;9540.5363250
CA;D;20210225;000000;9283.6969300
CA;D;20210226;000000;9038.9830000
CA;D;20210228;000000;9150.3168150
CA;D;20210301;000000;9072.0524500
CA;D;20210302;000000;9272.6737800
CA;D;20210303;000000;9000.4019750
CA;D;20210304;000000;8658.6843250
CA;D;20210305;000000;9038.9830000
CA;D;20210307;000000;9163.5445950
CA;D;20210308;000000;9016.9367000
CA;D;20210309;000000;8851.5894500
CA;D;20210310;000000;8887.9658450
CA;D;20210311;000000;9122.7589400
CA;D;20210312;000000;9165.7492250
CA;D;20210314;000000;9206.5348800
CA;D;20210315;000000;9113.9404200
CA;D;20210316;000000;8951.9001150
CA;D;20210317;000000;9152.5214450
CA;D;20210318;000000;8972.8441000
CA;D;20210319;000000;9047.8015200
CA;D;20210321;000000;9016.9367000
CA;D;20210322;000000;9140.3959800
CA;D;20210323;000000;8879.1473250
CA;D;20210324;000000;8873.6357500
CA;D;20210325;000000;8821.8269450
CA;D;20210326;000000;8991.5834550
CA;D;20210328;000000;8990.4811400
CA;D;20210329;000000;8912.2167750
CA;D;20210330;000000;8776.6320300
CA;D;20210331;000000;8790.9621250
CA;D;20210401;000000;8848.2825050
CA;D;20210402;000000;8797.5760150
CA;D;20210403;000000;8797.5760150
CA;D;20210404;000000;8904.5005700
CA;D;20210405;000000;9129.3728300
CA;D;20210406;000000;9050.0061500
CA;D;20210407;000000;8954.1047450
CA;D;20210408;000000;9018.0390150
CA;D;20210409;000000;8917.7283500
CA;D;20210411;000000;8939.7746500
CA;D;20210412;000000;8857.1010250
CA;D;20210413;000000;8901.1936250
CA;D;20210414;000000;9066.5408750
CA;D;20210415;000000;9326.6872150
CA;D;20210416;000000;9183.3862650
CA;D;20210418;000000;9172.3631150
CA;D;20210419;000000;9341.0173100
CA;D;20210420;000000;9282.5946150
CA;D;20210421;000000;9452.3511250
CA;D;20210422;000000;9407.1562100
CA;D;20210423;000000;9552.6617900
CA;D;20210425;000000;9555.9687350
CA;D;20210426;000000;9798.4780350
CA;D;20210427;000000;9894.3794400
CA;D;20210428;000000;9921.9373150
CA;D;20210429;000000;9889.9701800
CA;D;20210430;000000;9823.8312800
CA;D;20210502;000000;9866.8215650
CA;D;20210503;000000;9975.9507500
CA;D;20210504;000000;10036.5780750
CA;D;20210505;000000;9967.1322300
CA;D;20210506;000000;10158.9350400
CA;D;20210507;000000;10469.7878700
CA;D;20210509;000000;10505.0619500
CA;D;20210510;000000;10371.6818350
CA;D;20210511;000000;10562.3823300
CA;D;20210512;000000;10412.4674900
CA;D;20210513;000000;10325.3846050
CA;D;20210514;000000;10281.2920050
CA;D;20210516;000000;10294.5197850
CA;D;20210517;000000;10391.5235050
CA;D;20210518;000000;10387.1142450
CA;D;20210519;000000;10078.4660450
CA;D;20210520;000000;10011.2248300
CA;D;20210521;000000;9941.7789850
CA;D;20210523;000000;9919.7326850
CA;D;20210524;000000;10006.8155700
CA;D;20210525;000000;9956.1090800
CA;D;20210526;000000;9974.8484350
CA;D;20210527;000000;10297.8267300
CA;D;20210528;000000;10303.3383050
CA;D;20210530;000000;10331.9984950
CA;D;20210531;000000;10320.9753450
CA;D;20210601;000000;10253.7341300
CA;D;20210602;000000;10144.6049450
CA;D;20210603;000000;9845.8775800
CA;D;20210604;000000;9952.8021350
CA;D;20210606;000000;9974.8484350
CA;D;20210607;000000;9961.6206550
CA;D;20210608;000000;10021.1456650
CA;D;20210609;000000;9967.1322300
CA;D;20210610;000000;9893.2771250
CA;D;20210611;000000;10035.4757600
CA;D;20210613;000000;10058.6243750
CA;D;20210614;000000;9980.3600100
CA;D;20210615;000000;9568.0942000
CA;D;20210616;000000;9455.6580700
CA;D;20210617;000000;9219.7626600
CA;D;20210618;000000;9084.1779150
CA;D;20210620;000000;9134.8844050
CA;D;20210621;000000;9215.3534000
CA;D;20210622;000000;9329.9941600
CA;D;20210623;000000;9519.5923400
CA;D;20210624;000000;9526.2062300
CA;D;20210625;000000;9425.8955650
CA;D;20210627;000000;9440.2256600
CA;D;20210628;000000;9421.4863050
CA;D;20210629;000000;9391.7238000
CA;D;20210630;000000;9460.0673300
CA;D;20210701;000000;9336.6080500
CA;D;20210702;000000;9432.5094550
CA;D;20210704;000000;9435.8164000
CA;D;20210705;000000;9578.0150350
CA;D;20210706;000000;9371.8821300
CA;D;20210707;000000;9514.0807650
CA;D;20210708;000000;9411.5654700
CA;D;20210709;000000;9572.5034600
CA;D;20210711;000000;9574.7080900
CA;D;20210712;000000;9538.3316950
CA;D;20210713;000000;9458.9650150
CA;D;20210714;000000;9410.4631550
CA;D;20210715;000000;9505.2622450
CA;D;20210716;000000;9493.1367800
CA;D;20210718;000000;9467.7835350
CA;D;20210719;000000;9258.3436850
CA;D;20210720;000000;9397.2353750
CA;D;20210721;000000;9438.0210300
CA;D;20210722;000000;9568.0942000
CA;D;20210723;000000;9821.6266500
CA;D;20210725;000000;9809.5011850
CA;D;20210726;000000;10111.5354950
CA;D;20210727;000000;10063.0336350
CA;D;20210728;000000;9881.1516600
CA;D;20210729;000000;9982.5646400
CA;D;20210730;000000;9869.0261950
CA;D;20210801;000000;9926.3465750
CA;D;20210802;000000;9774.2271050
CA;D;20210803;000000;9662.8932900
CA;D;20210804;000000;9558.1733650
CA;D;20210805;000000;9584.6289250
CA;D;20210806;000000;9564.7872550
CA;D;20210808;000000;9472.1927950
CA;D;20210809;000000;9466.6812200
CA;D;20210810;000000;9583.5266100
CA;D;20210811;000000;9639.7446750
CA;D;20210812;000000;9623.2099500
CA;D;20210813;000000;9612.1868000
CA;D;20210815;000000;9580.2196650
CA;D;20210816;000000;9543.8432700
CA;D;20210817;000000;9312.3571200
CA;D;20210818;000000;9074.2570800
CA;D;20210819;000000;8919.9329800
CA;D;20210820;000000;9137.0890350
CA;D;20210822;000000;9143.7029250
CA;D;20210823;000000;9320.0733250
CA;D;20210824;000000;9372.9844450
CA;D;20210825;000000;9395.0307450
CA;D;20210826;000000;9346.5288850
CA;D;20210827;000000;9522.8992850
CA;D;20210829;000000;9522.8992850
CA;D;20210830;000000;9656.2794000
CA;D;20210831;000000;9628.7215250
CA;D;20210901;000000;9440.2256600
CA;D;20210902;000000;9476.6020550
CA;D;20210903;000000;9563.6849400
CA;D;20210905;000000;9555.9687350
CA;D;20210906;000000;9546.0479000
CA;D;20210907;000000;9423.6909350
CA;D;20210908;000000;9331.0964750
CA;D;20210909;000000;9438.0210300
CA;D;20210910;000000;9764.3062700
CA;D;20210912;000000;9765.4085850
CA;D;20210913;000000;9628.7215250
CA;D;20210914;000000;9511.8761350
CA;D;20210915;000000;9721.3159850
CA;D;20210916;000000;9447.9418650
CA;D;20210917;000000;9347.6312000
CA;D;20210919;000000;9303.5386000
CA;D;20210920;000000;9109.5311600
CA;D;20210921;000000;9065.4385600
CA;D;20210922;000000;9299.1293400
CA;D;20210923;000000;9322.2779550
CA;D;20210924;000000;9440.2256600
CA;D;20210926;000000;9454.5557550
CA;D;20210927;000000;9432.5094550
CA;D;20210928;000000;9365.2682400
CA;D;20210929;000000;9207.6371950
CA;D;20210930;000000;9057.7223550
CA;D;20211001;000000;9278.1853550
CA;D;20211003;000000;9311.2548050
CA;D;20211004;000000;9334.4034200
CA;D;20211005;000000;9230.7858100
CA;D;20211006;000000;9225.2742350
CA;D;20211007;000000;9378.4960200
CA;D;20211008;000000;9432.5094550
CA;D;20211010;000000;9421.4863050
CA;D;20211011;000000;9578.0150350
CA;D;20211012;000000;9521.7969700
CA;D;20211013;000000;9921.9373150
CA;D;20211014;000000;10173.2651350
CA;D;20211015;000000;10406.9559150
CA;D;20211017;000000;10541.4383450
CA;D;20211018;000000;10382.7049850
CA;D;20211019;000000;10331.9984950
CA;D;20211020;000000;10426.7975850
CA;D;20211021;000000;10050.9081700
CA;D;20211022;000000;9925.2442600
CA;D;20211024;000000;9961.6206550
CA;D;20211025;000000;9973.7461200
CA;D;20211026;000000;9908.7095350
CA;D;20211027;000000;9684.9395900
CA;D;20211028;000000;9770.9201600
CA;D;20211029;000000;9648.5631950
CA;D;20211031;000000;9617.6983750
CA;D;20211101;000000;9678.3257000
CA;D;20211102;000000;9632.0284700
CA;D;20211103;000000;9640.8469900
CA;D;20211104;000000;9552.6617900
CA;D;20211105;000000;9569.1965150
CA;D;20211107;000000;9657.3817150
CA;D;20211108;000000;9724.6229300
CA;D;20211109;000000;9658.4840300
CA;D;20211110;000000;9504.1599300
CA;D;20211111;000000;9709.1905200
CA;D;20211112;000000;9817.2173900
CA;D;20211114;000000;9863.5146200
CA;D;20211115;000000;9719.1113550
CA;D;20211116;000000;9578.0150350
CA;D;20211117;000000;9318.9710100
CA;D;20211118;000000;9476.6020550
CA;D;20211119;000000;9699.2696850
CA;D;20211121;000000;9684.9395900
CA;D;20211122;000000;9677.2233850
CA;D;20211123;000000;9748.8738600
CA;D;20211124;000000;9855.7984150
CA;D;20211125;000000;9783.0456250
CA;D;20211126;000000;9439.1233450
CA;D;20211128;000000;9522.8992850
CA;D;20211129;000000;9617.6983750
CA;D;20211130;000000;9498.6483550
CA;D;20211201;000000;9346.5288850
CA;D;20211202;000000;9438.0210300
CA;D;20211203;000000;9417.0770450
CA;D;20211205;000000;9486.5228900
CA;D;20211206;000000;9553.7641050
CA;D;20211207;000000;9566.9918850
CA;D;20211208;000000;9657.3817150
CA;D;20211209;000000;9505.2622450
CA;D;20211210;000000;9466.6812200
CA;D;20211212;000000;9514.0807650
CA;D;20211213;000000;9457.8627000
CA;D;20211214;000000;9407.1562100
CA;D;20211215;000000;9395.0307450
CA;D;20211216;000000;9469.9881650
CA;D;20211217;000000;9455.6580700
CA;D;20211219;000000;9428.1001950
CA;D;20211220;000000;9495.3414100
CA;D;20211221;000000;9574.7080900
CA;D;20211222;000000;9670.6094950
CA;D;20211223;000000;9714.7020950
CA;D;20211226;000000;9672.8141250
CA;D;20211227;000000;9828.2405400
CA;D;20211228;000000;9790.7618300
CA;D;20211229;000000;9732.3391350
CA;D;20211230;000000;9681.6326450
CA;D;20211231;000000;9827.1382250
CA;D;20220102;000000;9831.5474850
CA;D;20220103;000000;9745.5669150
CA;D;20220104;000000;9846.9798950
CA;D;20220105;000000;9670.6094950
CA;D;20220106;000000;9593.4474450
CA;D;20220107;000000;9700.3720000
CA;D;20220109;000000;9693.7581100
CA;D;20220110;000000;9651.8701400
CA;D;20220111;000000;9758.7946950
CA;D;20220112;000000;10045.3965950
CA;D;20220113;000000;9941.7789850
CA;D;20220114;000000;9759.8970100
CA;D;20220116;000000;9796.2734050
CA;D;20220117;000000;9775.3294200
CA;D;20220118;000000;9697.0650550
CA;D;20220119;000000;9798.4780350
CA;D;20220120;000000;9977.0530650
CA;D;20220121;000000;9958.3137100
CA;D;20220123;000000;10000.2016800
CA;D;20220124;000000;9834.8544300
CA;D;20220125;000000;9845.8775800
CA;D;20220126;000000;9849.1845250
CA;D;20220127;000000;9742.2599700
CA;D;20220128;000000;9541.6386400
CA;D;20220130;000000;9544.9455850
CA;D;20220131;000000;9558.1733650
CA;D;20220201;000000;9779.7386800
CA;D;20220202;000000;9845.8775800
CA;D;20220203;000000;9881.1516600
CA;D;20220204;000000;9936.2674100
CA;D;20220206;000000;9939.5743550
CA;D;20220207;000000;9872.3331400
CA;D;20220208;000000;9848.0822100
CA;D;20220209;000000;10199.7206950
CA;D;20220210;000000;10194.2091200
CA;D;20220211;000000;9791.8641450
CA;D;20220213;000000;9860.2076750
CA;D;20220214;000000;9925.2442600
CA;D;20220215;000000;9988.0762150
CA;D;20220216;000000;10006.8155700
CA;D;20220217;000000;9930.7558350
CA;D;20220218;000000;9951.6998200
CA;D;20220220;000000;9966.0299150
CA;D;20220221;000000;9877.8447150
CA;D;20220222;000000;9952.8021350
CA;D;20220223;000000;9843.6729500
CA;D;20220224;000000;9919.7326850
CA;D;20220225;000000;9875.6400850
CA;D;20220227;000000;9863.5146200
CA;D;20220228;000000;9926.3465750
CA;D;20220301;000000;10103.8192900
CA;D;20220302;000000;10306.6452500
CA;D;20220303;000000;10543.6429750
CA;D;20220304;000000;10843.4726550
CA;D;20220306;000000;11040.7870400
CA;D;20220307;000000;10490.7318550
CA;D;20220308;000000;10484.1179650
CA;D;20220309;000000;10114.8424400
CA;D;20220310;000000;10243.8132950
CA;D;20220311;000000;10171.0605050
CA;D;20220313;000000;10092.7961400
CA;D;20220314;000000;9930.7558350
CA;D;20220315;000000;9931.8581500
CA;D;20220316;000000;10204.1299550
CA;D;20220317;000000;10365.0679450
CA;D;20220318;000000;10397.0350800
CA;D;20220320;000000;10379.3980400
CA;D;20220321;000000;10381.6026700
CA;D;20220322;000000;10362.8633150
CA;D;20220323;000000;10533.7221400
CA;D;20220324;000000;10415.7744350
CA;D;20220325;000000;10339.7147000
CA;D;20220327;000000;10318.7707150
CA;D;20220328;000000;10410.2628600
CA;D;20220329;000000;10491.8341700
CA;D;20220330;000000;10463.1739800
CA;D;20220331;000000;10442.2299950
CA;D;20220401;000000;10373.8864650
CA;D;20220403;000000;10366.1702600
CA;D;20220404;000000;10553.5638100
CA;D;20220405;000000;10491.8341700
CA;D;20220406;000000;10397.0350800
CA;D;20220407;000000;10389.3188750
CA;D;20220408;000000;10425.6952700
CA;D;20220410;000000;10423.4906400
CA;D;20220411;000000;10215.1531050
CA;D;20220412;000000;10365.0679450
CA;D;20220413;000000;10377.1934100
CA;D;20220414;000000;10406.9559150
CA;D;20220417;000000;10456.5600900
CA;D;20220418;000000;10588.8378900
CA;D;20220419;000000;10369.4772050
CA;D;20220420;000000;10283.4966350
CA;D;20220421;000000;10328.6915500
CA;D;20220422;000000;10099.4100300
CA;D;20220424;000000;10109.3308650
CA;D;20220425;000000;9881.1516600
CA;D;20220426;000000;9708.0882050
CA;D;20220427;000000;9794.0687750
CA;D;20220428;000000;9776.4317350
CA;D;20220429;000000;9673.9164400
CA;D;20220501;000000;9687.1442200
CA;D;20220502;000000;9456.7603850
CA;D;20220503;000000;9490.9321500
CA;D;20220504;000000;9635.3354150
CA;D;20220505;000000;9472.1927950
CA;D;20220506;000000;9366.3705550
CA;D;20220508;000000;9327.7895300
CA;D;20220509;000000;9249.5251650
CA;D;20220510;000000;9184.4885800
CA;D;20220511;000000;9288.1061900
CA;D;20220512;000000;9027.9598500
CA;D;20220513;000000;9183.3862650
CA;D;20220515;000000;9221.9672900
CA;D;20220516;000000;9279.2876700
CA;D;20220517;000000;9334.4034200
CA;D;20220518;000000;9162.4422800
CA;D;20220519;000000;9420.3839900
CA;D;20220520;000000;9485.4205750
CA;D;20220522;000000;9516.2853950
CA;D;20220523;000000;9540.5363250
CA;D;20220524;000000;9509.6715050
CA;D;20220525;000000;9421.4863050
CA;D;20220526;000000;9412.6677850
CA;D;20220527;000000;9527.3085450
CA;D;20220529;000000;9522.8992850
CA;D;20220530;000000;9565.8895700
CA;D;20220531;000000;9449.0441800
CA;D;20220601;000000;9527.3085450
CA;D;20220602;000000;10050.9081700
CA;D;20220603;000000;9876.7424000
CA;D;20220605;000000;9828.2405400
CA;D;20220606;000000;9759.8970100
CA;D;20220607;000000;9809.5011850
CA;D;20220608;000000;9799.5803500
CA;D;20220609;000000;9603.3682800
CA;D;20220610;000000;9436.9187150
CA;D;20220612;000000;9324.4825850
CA;D;20220613;000000;9268.2645200
CA;D;20220614;000000;9123.8612550
CA;D;20220615;000000;9206.5348800
CA;D;20220616;000000;9029.0621650
CA;D;20220617;000000;8840.5663000
CA;D;20220619;000000;8900.0913100
CA;D;20220620;000000;8836.1570400
CA;D;20220621;000000;8871.4311200
CA;D;20220622;000000;8658.6843250
CA;D;20220623;000000;8277.2833350
CA;D;20220624;000000;8243.1115700
CA;D;20220626;000000;8305.9435250
CA;D;20220627;000000;8266.2601850
CA;D;20220628;000000;8280.5902800
CA;D;20220629;000000;8332.3990850
CA;D;20220630;000000;8116.3453450
CA;D;20220701;000000;7969.7374500
CA;D;20220703;000000;7982.9652300
CA;D;20220704;000000;7902.4962350
CA;D;20220705;000000;7580.6202550
CA;D;20220706;000000;7577.3133100
CA;D;20220707;000000;7817.6179800
CA;D;20220708;000000;7760.2976000
CA;D;20220710;000000;7658.8846200
CA;D;20220711;000000;7534.3230250
CA;D;20220712;000000;7181.5822250
CA;D;20220713;000000;7290.7114100
CA;D;20220714;000000;7126.4664750
CA;D;20220715;000000;7155.1266650
CA;D;20220717;000000;7172.7637050
CA;D;20220718;000000;7302.8368750
CA;D;20220719;000000;7277.4836300
CA;D;20220720;000000;7302.8368750
CA;D;20220721;000000;7295.1206700
CA;D;20220722;000000;7325.9854900
CA;D;20220724;000000;7335.9063250
CA;D;20220725;000000;7399.8405950
CA;D;20220726;000000;7497.9466300
CA;D;20220727;000000;7659.9869350
CA;D;20220728;000000;7700.7725900
CA;D;20220729;000000;7924.5425350
CA;D;20220731;000000;7838.5619650
CA;D;20220801;000000;7795.5716800
CA;D;20220802;000000;7655.5776750
CA;D;20220803;000000;7656.6799900
CA;D;20220804;000000;7672.1124000
CA;D;20220805;000000;7825.3341850
CA;D;20220807;000000;7804.3902000
CA;D;20220808;000000;7904.7008650
CA;D;20220809;000000;7904.7008650
CA;D;20220810;000000;8024.8532000
CA;D;20220811;000000;8143.9032200
CA;D;20220812;000000;8110.8337700
CA;D;20220814;000000;8077.7643200
CA;D;20220815;000000;7935.5656850
CA;D;20220816;000000;7988.4768050
CA;D;20220817;000000;7905.8031800
CA;D;20220818;000000;8025.9555150
CA;D;20220819;000000;8098.7083050
CA;D;20220821;000000;8066.7411700
CA;D;20220822;000000;8061.2295950
CA;D;20220823;000000;8118.5499750
CA;D;20220824;000000;8020.4439400
CA;D;20220825;000000;8145.0055350
CA;D;20220826;000000;8150.5171100
CA;D;20220828;000000;8064.5365400
CA;D;20220829;000000;7949.8957800
CA;D;20220830;000000;7831.9480750
CA;D;20220831;000000;7737.1489850
CA;D;20220901;000000;7527.7091350
CA;D;20220902;000000;7497.9466300
CA;D;20220904;000000;7453.8540300
CA;D;20220905;000000;7634.6336900
CA;D;20220906;000000;7615.8943350
CA;D;20220907;000000;7598.2572950
CA;D;20220908;000000;7845.1758550
CA;D;20220909;000000;7831.9480750
CA;D;20220911;000000;7829.7434450
CA;D;20220912;000000;7976.3513400
CA;D;20220913;000000;7786.7531600
CA;D;20220914;000000;7759.1952850
CA;D;20220915;000000;7629.1221150
CA;D;20220916;000000;7811.0040900
CA;D;20220918;000000;7816.5156650
CA;D;20220919;000000;7777.9346400
CA;D;20220920;000000;7714.0003700
CA;D;20220921;000000;7570.6994200
CA;D;20220922;000000;7637.9406350
CA;D;20220923;000000;7382.2035550
CA;D;20220925;000000;7383.3058700
CA;D;20220926;000000;7257.6419600
CA;D;20220927;000000;7262.0512200
CA;D;20220928;000000;7450.5470850
CA;D;20220929;000000;7571.8017350
CA;D;20220930;000000;7471.4910700
CA;D;20221002;000000;7496.8443150
CA;D;20221003;000000;7529.9137650
CA;D;20221004;000000;7700.7725900
CA;D;20221005;000000;7809.9017750
CA;D;20221006;000000;7577.3133100
CA;D;20221007;000000;7458.2632900
CA;D;20221009;000000;7440.6262500
CA;D;20221010;000000;7576.2109950
CA;D;20221011;000000;7549.7554350
CA;D;20221012;000000;7560.7785850
CA;D;20221013;000000;7639.0429500
CA;D;20221014;000000;7507.8674650
CA;D;20221016;000000;7538.7322850
CA;D;20221017;000000;7510.0720950
CA;D;20221018;000000;7407.5568000
CA;D;20221019;000000;7316.0646550
CA;D;20221020;000000;7484.7188500
CA;D;20221021;000000;7673.2147150
CA;D;20221023;000000;7657.7823050
CA;D;20221024;000000;7568.4947900
CA;D;20221025;000000;7491.3327400
CA;D;20221026;000000;7797.7763100
CA;D;20221027;000000;7765.8091750
CA;D;20221028;000000;7572.9040500
CA;D;20221030;000000;7566.2901600
CA;D;20221031;000000;7459.3656050
CA;D;20221101;000000;7644.5545250
CA;D;20221102;000000;7566.2901600
CA;D;20221103;000000;7542.0392300
CA;D;20221104;000000;8152.7217400
CA;D;20221106;000000;7973.0443950
CA;D;20221107;000000;7926.7471650
CA;D;20221108;000000;8085.4805250
CA;D;20221109;000000;8098.7083050
CA;D;20221110;000000;8312.5574150
CA;D;20221111;000000;8677.4236800
CA;D;20221113;000000;8677.4236800
CA;D;20221114;000000;8445.9375300
CA;D;20221115;000000;8421.6866000
CA;D;20221116;000000;8288.3064850
CA;D;20221117;000000;8121.8569200
CA;D;20221118;000000;8016.0346800
CA;D;20221120;000000;8039.1832950
CA;D;20221121;000000;7901.3939200
CA;D;20221122;000000;7995.0906950
CA;D;20221123;000000;8040.2856100
CA;D;20221124;000000;8024.8532000
CA;D;20221125;000000;7981.8629150
CA;D;20221127;000000;7869.4267850
CA;D;20221128;000000;7922.3379050
CA;D;20221129;000000;8029.2624600
CA;D;20221130;000000;8361.0592750
CA;D;20221201;000000;8369.8777950
CA;D;20221202;000000;8501.0532800
CA;D;20221204;000000;8524.2018950
CA;D;20221205;000000;8440.0000000
CA;D;20221206;000000;8384.7500000
CA;D;20221207;000000;8485.6208700
CA;D;20221208;000000;8561.6806050
CA;D;20221209;000000;8490.5000000
CA;D;20221211;000000;8475.7000350
CA;D;20221212;000000;8387.5148350
CA;D;20221213;000000;8481.2116100
CA;D;20221214;000000;8512.0764300
CA;D;20221215;000000;8337.9106600
CA;D;20221216;000000;8309.2504700
CA;D;20221218;000000;8323.5805650
CA;D;20221219;000000;8303.2500000
CA;D;20221220;000000;8333.7500000
CA;D;20221221;000000;8369.5000000
CA;D;20221222;000000;8290.5000000
CA;D;20221223;000000;8328.0000000
CA;D;20221226;000000;8503.2579100
CA;D;20221227;000000;8488.9278150
CA;D;20221228;000000;8426.0000000
CA;D;20221229;000000;8409.5000000
CA;D;20221230;000000;8364.7600000
CA;D;20230102;000000;8465.7792000
CA;D;20230103;000000;8307.0000000
CA;D;20230104;000000;8236.0000000
CA;D;20230105;000000;8361.5000000
CA;D;20230106;000000;8569.9000000
CA;D;20230108;000000;8763.4042500
CA;D;20230109;000000;8833.0000000
CA;D;20230110;000000;8890.5000000
CA;D;20230111;000000;9107.5000000
CA;D;20230112;000000;9169.0500000
CA;D;20230113;000000;9168.5500000
CA;D;20230115;000000;9271.5714650
CA;D;20230116;000000;9088.1900000
CA;D;20230117;000000;9282.9900000
CA;D;20230118;000000;9326.0000000
CA;D;20230119;000000;9301.0000000
CA;D;20230120;000000;9307.7600000
CA;D;20230122;000000;9417.0770450
CA;D;20230123;000000;9330.7700000
CA;D;20230124;000000;9291.0100000
CA;D;20230125;000000;9289.5000000
CA;D;20230126;000000;9306.5000000
CA;D;20230127;000000;9242.2400000
CA;D;20230129;000000;9337.7103650
CA;D;20230130;000000;9188.3500000
CA;D;20230131;000000;9199.5500000
CA;D;20230201;000000;9078.6663400
CA;D;20230202;000000;8986.0000000
CA;D;20230203;000000;8951.2500000
CA;D;20230205;000000;8918.8306650
CA;D;20230206;000000;8896.7843650
CA;D;20230207;000000;8893.0000000
CA;D;20230208;000000;8863.7500000
CA;D;20230209;000000;8952.2400000
CA;D;20230210;000000;8828.7600000
CA;D;20230212;000000;8853.7940800
CA;D;20230213;000000;8956.3093750
CA;D;20230214;000000;8921.0000000
CA;D;20230215;000000;8873.6357500
CA;D;20230216;000000;8991.5000000
CA;D;20230217;000000;8950.2500000
CA;D;20230219;000000;9083.0756000
CA;D;20230220;000000;9115.5000000
CA;D;20230221;000000;9183.5000000
CA;D;20230222;000000;9103.0000000
CA;D;20230223;000000;8884.9900000
CA;D;20230224;000000;8716.0047050
CA;D;20230226;000000;8757.8926750
CA;D;20230227;000000;8844.9755600
CA;D;20230228;000000;8951.0000000
CA;D;20230301;000000;9084.0000000
CA;D;20230302;000000;8928.1000000
CA;D;20230303;000000;8991.5834550
CA;D;20230305;000000;8921.0352950
CA;D;20230306;000000;8893.2500000
CA;D;20230307;000000;8737.5000000
CA;D;20230308;000000;8886.0000000
CA;D;20230309;000000;8832.3000000
CA;D;20230310;000000;8847.0000000
CA;D;20230312;000000;8890.1704750
CA;D;20230313;000000;8918.2500000
CA;D;20230314;000000;8831.7477800
CA;D;20230315;000000;8558.3736600
CA;D;20230316;000000;8508.7500000
CA;D;20230317;000000;8573.2500000
CA;D;20230319;000000;8652.0704350
CA;D;20230320;000000;8701.2500000
CA;D;20230321;000000;8761.0000000
CA;D;20230322;000000;8900.5000000
CA;D;20230323;000000;9033.0000000
CA;D;20230324;000000;8977.2533600
CA;D;20230326;000000;9000.4019750
CA;D;20230327;000000;8951.2500000
CA;D;20230328;000000;8968.2500000
CA;D;20230329;000000;8991.5834550
CA;D;20230330;000000;9003.2500000
CA;D;20230331;000000;9003.5000000
CA;D;20230402;000000;8997.0950300
CA;D;20230403;000000;8917.0000000
CA;D;20230404;000000;8740.2500000
CA;D;20230405;000000;8784.7500000
CA;D;20230406;000000;8806.7500000
CA;D;20230409;000000;8865.9195450
CA;D;20230410;000000;8743.5625800
CA;D;20230411;000000;8851.5000000
CA;D;20230412;000000;8916.8000000
CA;D;20230413;000000;9065.7500000
CA;D;20230414;000000;9030.2500000
CA;D;20230416;000000;9057.7223550
CA;D;20230417;000000;8962.9500000
CA;D;20230418;000000;9004.4000000
CA;D;20230419;000000;8947.7500000
CA;D;20230420;000000;8865.2500000
CA;D;20230421;000000;8778.5000000
CA;D;20230423;000000;8793.1667550
CA;D;20230424;000000;8710.0000000
CA;D;20230425;000000;8506.0000000
CA;D;20230426;000000;8535.2500000
CA;D;20230427;000000;8569.5000000
CA;D;20230428;000000;8577.0000000
CA;D;20230502;000000;8490.0000000
CA;D;20230503;000000;8442.7500000
CA;D;20230504;000000;8474.4000000
CA;D;20230505;000000;8560.2500000
CA;D;20230509;000000;8562.2500000
CA;D;20230510;000000;8425.0000000
CA;D;20230511;000000;8150.5000000
CA;D;20230512;000000;8150.0000000
CA;D;20230515;000000;8185.0000000
CA;D;20230516;000000;8067.0000000
CA;D;20230517;000000;8125.0000000
CA;D;20230518;000000;8100.0000000
CA;D;20230519;000000;8000.0000000
CA;D;20230522;000000;8061.5300000
CA;D;20230523;000000;8035.7400000
CA;D;20230524;000000;7851.7500000
CA;D;20230525;000000;7914.7500000
CA;D;20230526;000000;8106.0000000
CA;D;20230530;000000;8103.0000000
CA;D;20230531;000000;8070.0000000
CA;D;20230601;000000;8240.0000000
CA;D;20230602;000000;8233.5000000
CA;D;20230605;000000;8331.0100000
CA;D;20230606;000000;8334.0000000
CA;D;20230607;000000;8292.1000000
CA;D;20230608;000000;8336.0000000
CA;D;20230609;000000;8349.0000000
CA;D;20230612;000000;8282.0000000
CA;D;20230613;000000;8450.0000000
CA;D;20230614;000000;8509.2500000
CA;D;20230615;000000;8555.9900000
CA;D;20230616;000000;8555.0000000
CA;D;20230619;000000;8546.0000000
CA;D;20230620;000000;8552.2500000
CA;D;20230621;000000;8606.2500000
CA;D;20230622;000000;8579.2500000
CA;D;20230623;000000;8409.2400000
CA;D;20230626;000000;8422.0000000
CA;D;20230627;000000;8382.0000000
CA;D;20230628;000000;8259.5000000
CA;D;20230629;000000;8177.0000000
CA;D;20230630;000000;8322.0500000
CA;D;20230703;000000;8397.0000000
CA;D;20230704;000000;8346.0000000
CA;D;20230705;000000;8304.0000000
CA;D;20230706;000000;8246.0000000
CA;D;20230707;000000;8360.5000000
CA;D;20230710;000000;8356.4900000
CA;D;20230711;000000;8305.0000000
CA;D;20230712;000000;8488.7500000
CA;D;20230713;000000;8687.0000000
CA;D;20230714;000000;8661.7500000
CA;D;20230717;000000;8468.0000000
CA;D;20230718;000000;8444.9900000
CA;D;20230719;000000;8401.7900000
CA;D;20230720;000000;8460.7500000
CA;D;20230721;000000;8422.5000000
CA;D;20230724;000000;8487.7500000
CA;D;20230725;000000;8641.2500000
CA;D;20230726;000000;8577.2500000
CA;D;20230727;000000;8528.0000000
CA;D;20230728;000000;8625.4900000
CA;D;20230731;000000;8800.0000000
CA;D;20230801;000000;8594.2500000
CA;D;20230802;000000;8469.2400000
CA;D;20230803;000000;8570.5000000
CA;D;20230804;000000;8523.2500000
CA;D;20230807;000000;8436.1100000
CA;D;20230808;000000;8303.0000000
CA;D;20230809;000000;8363.2600000
CA;D;20230810;000000;8320.0000000
CA;D;20230811;000000;8255.6000000
CA;D;20230814;000000;8242.7500000
CA;D;20230815;000000;8143.5000000
CA;D;20230816;000000;8115.2500000
CA;D;20230817;000000;8200.8500000
CA;D;20230818;000000;8213.7500000
CA;D;20230821;000000;8239.0000000
CA;D;20230822;000000;8330.7000000
CA;D;20230823;000000;8424.2500000
CA;D;20230824;000000;8326.5000000
CA;D;20230825;000000;8319.2500000
CA;D;20230829;000000;8411.0000000
CA;D;20230830;000000;8445.5500000
CA;D;20230831;000000;8404.5000000
CA;D;20230901;000000;8479.2500000
CA;D;20230904;000000;8437.2500000
CA;D;20230905;000000;8482.5000000
CA;D;20230906;000000;8358.7500000
CA;D;20230907;000000;8309.2500000
CA;D;20230908;000000;8229.0000000
CA;D;20230911;000000;8375.5000000
CA;D;20230912;000000;8367.5000000
CA;D;20230913;000000;8397.5000000
CA;D;20230914;000000;8372.2500000
CA;D;20230915;000000;8350.3500000
CA;D;20230918;000000;8299.8000000
CA;D;20230919;000000;8233.5000000
CA;D;20230920;000000;8281.5000000
CA;D;20230921;000000;8129.7500000
CA;D;20230922;000000;8161.7400000
CA;D;20230925;000000;8075.4000000
CA;D;20230926;000000;8034.1500000
CA;D;20230927;000000;8056.5000000
CA;D;20230928;000000;8167.0500000
CA;D;20230929;000000;8212.5000000
CA;D;20231002;000000;7978.0000000
CA;D;20231003;000000;7929.0000000
CA;D;20231004;000000;7875.0000000
CA;D;20231005;000000;7823.7500000
CA;D;20231006;000000;7971.2500000
CA;D;20231009;000000;8039.2500000
CA;D;20231010;000000;7945.0000000
CA;D;20231011;000000;7946.5000000
CA;D;20231012;000000;7915.7500000
CA;D;20231013;000000;7875.8100000
CA;D;20231016;000000;7915.5000000
CA;D;20231017;000000;7902.7500000
CA;D;20231018;000000;7901.5000000
CA;D;20231019;000000;7928.0000000
CA;D;20231020;000000;7879.7600000
CA;D;20231023;000000;7900.7600000
CA;D;20231024;000000;7985.0000000
CA;D;20231025;000000;7958.5000000
CA;D;20231026;000000;7911.0000000
CA;D;20231027;000000;8030.0000000
CA;D;20231030;000000;8068.7500000
CA;D;20231031;000000;8029.0000000
CA;D;20231101;000000;8030.0000000
CA;D;20231102;000000;8064.0000000
CA;D;20231103;000000;8095.7000000
CA;D;20231106;000000;8157.7400000
CA;D;20231107;000000;8101.0000000
CA;D;20231108;000000;8058.5000000
CA;D;20231109;000000;8068.1100000
CA;D;20231110;000000;7954.6900000
CA;D;20231113;000000;8081.2500000
CA;D;20231114;000000;8144.0000000
CA;D;20231115;000000;8172.2500000
CA;D;20231116;000000;8122.0000000
CA;D;20231117;000000;8168.2000000
CA;D;20231120;000000;8340.2500000
CA;D;20231121;000000;8353.0000000
CA;D;20231122;000000;8252.9900000
CA;D;20231123;000000;8306.5000000
